Metrik,Nilai
MAE,3460.230800320611
MSE,28287401.445551325
RMSE,5318.590174618771
R2 Score,0.3740368548682027
Cross Validation R2,0.5006001793074464
